Family ID,Comparator / assignment summary,Principal limitation,Linkage confidence,Linkage basis
F01,Comparator: None | Assignment: Targets detected/selected by vision; assignment probability NR | Randomisation: No,"Success is contact/pose execution, not biological pollination; exact trial denominator not stated.",High,Sole publication
F02,"Comparator: Manual dry pollination; electric sprayer; hand-held sprayer; Hand pollination and electric liquid sprayer in separate orchard zones | Assignment: Orchard zones described as randomly divided; unit-level treatment assignment not reconstructable | Randomisation: Unclear; Five subregions; robot experimental zone randomly selected within each. Treatment-method allocation among robot, hand and electric-sprayer zones not randomised | Randomisation: No/unclear","Distinct spatial comparator zones, incomplete raw denominators, uncontrolled natural pollination, wind drift and different thinning/selection practices. Same programme as earlier Gao single-nozzle robot but a distinct multinozzle experiment.",High,Distinct experiment within programme
F03,Comparator: Bumblebees and hormone treatment | Assignment: AI flower-shape classifier and programmed search; experimental assignment procedure NR | Randomisation: No/NR,Exact group-specific fruiting percentages and comparator sample sizes are not given in extractable text; biological test-to-full-autonomy linkage requires cautious interpretation.,High,Sole publication
F04,Comparator: External literature benchmarks for writing-brush and electric-pollinator methods; not concurrent controls | Assignment: Pollinating positions were described as randomly selected and divided into three zones; no randomised treatment comparison,"The 85% endpoint is robot targeting/spray execution, not biological pollination. Comparator values came from another publication. Reported percentages are not integer-compatible with the stated zone denominators.",High,"The 85% endpoint is robot targeting/spray execution, not biological pollination. Comparator values came from another publication. Integer numerators are not reported. Under ±0.5 pp rounding, the 86% (18/21) and 87% (20/23) pollination rates are compatible with the stated zone totals; all three detection rates and the 82% Zone-3 pollination rate are not."
F05,Comparator: None | Assignment: Pilot-selected tree/flight; no treatment assignment protocol | Randomisation: No,Pilot controlled; qualitative leaf deposition was treated as success; no biological endpoint.,High,Sole publication
F06,Comparator: Commercial Cambrian wet-pollination practice and conventionally grown fruit; Bee-pollinated positive controls and attempted negative controls; Commercial Cambrian sprayer used for operational pollen-consumption context; no biological control arm | Assignment: No randomised or documented stochastic-probability assignment reported | Randomisation: No/NR; Areas divided into fixed strips by nozzle; flowers tagged/bagged; no randomised treatment assignment | Randomisation: No; No biological treatment assignment; platform movement was manually controlled during the reported experiment,Negative controls were contaminated or failed; no randomised allocation; pollen use reached 4.6 kg/ha; site and nozzle effects were substantial.,High,Distinct 2020 journal experiment; preceded the 2021 two-orchard experiment; Distinct 2019 two-orchard experiment following the 2020 Journal of Field Robotics study; Primary report of the 2016 AMMP initial evaluation; companion to LIT-339; Companion report of the same 2016 AMMP experiment as LIT-338; does not add an experiment
F07,Comparator: None | Assignment: All visible-pistil flowers on 12 arranged plants were attempted; no treatment assignment,"The reported 'pollination' endpoint is paint transfer to an artificial pistil. The ground vehicle was proposed for deployment, but the biological effectiveness of the integrated system was not tested.",High,Sole publication
F08,Comparator: No adequately described concurrent comparator; Stage-matched tagged natural-pollination flowers | Assignment: Vision-selected target flowers; probabilities and eligibility denominator NR | Randomisation: No; Comparison flowers randomly selected/tagged; robotic treatment itself not randomly assigned | Randomisation: No treatment randomisation,"Small unequal cohorts, netting effects, no randomised treatment assignment, single robotic visit versus repeated natural visitation.",High,Distinct experiment within programme
F09,Comparator: No biological comparator | Assignment: Four viewpoints per plant; no treatment assignment | Randomisation: No,"The 92.5% value is grasping success, not pollination efficacy; preprint; fruit-set validation deferred.",High,Sole publication
F10,Comparator: None; Contact robotic method | Assignment: Artificial flower posed at varied orientations; trial count NR | Randomisation: No; Reachable detected flowers; assignment probabilities NR | Randomisation: No,"The statistically compared endpoint is execution, not biological pollination; no target-level denominator chain.",High — merge confirmed,Distinct experiment within programme
F11,"Comparator: Configurations with 1, 2, 4, and 6 arms; Eight artificial-plant scenarios | Assignment: Artificial targets assigned through multi-agent architecture | Randomisation: No; Reachable flowers identified and attempted; no causal assignment | Randomisation: No",Multi-agent system but no real flowers; failures caused flowers leaving camera view during arm motion.,High,Distinct experiment within programme
F12,Comparator: Naturally pollinated flowers outside greenhouse | Assignment: 37 robot flowers allocated by distance; 12 natural flowers visually counted; no randomisation | Randomisation: No,"Manual control, very small groups, comparator in a different environment, no blinded/random assignment.",High,Sole publication
F13,"Comparator: Hand brush pollination | Assignment: Fifty flowers per method; flowers randomly selected, but method-allocation randomisation not fully described",Robot placement was manual; only one cultivar and controlled facility; allocation procedure between methods was not fully reconstructable.,High,Sole publication
F14,Comparator: Passive artificial-wind control in a separate human-operated tool experiment | Assignment: No robotic treatment-assignment experiment,The fully integrated robot was not evaluated for downstream fruit outcome on real plants; biological result came from manual tool use.,High,Sole publication
F15,Comparator: No quantitative comparator | Assignment: No treatment-assignment protocol,"Qualitative observation only; no raw denominator, comparator, fertilization or fruit outcome.",High,Sole publication
F16,Comparator: None in completed preliminary tests | Assignment: No assignment design,Proceedings-stage prototype; no pollen-deposition or fruit-yield evidence; no denominator chain.,High,Sole publication
F17,"Comparator: Artificial pollination and drone pollination in the same facility environment for downstream fruit outcomes | Assignment: Operational trials were divided into ten groups with frontlight/backlight balance; biological treatment allocation among artificial, drone and mechanical methods was not described as randomised","The paper states '100 pollination runs' but Table 4 contains 1,828 manually counted flower targets. Biological group assignment, baseline comparability and blinding are not reported. The mobile robot was positioned in front of plants, and future work explicitly proposes SLAM for fully autonomous movement.",High,Sole publication
F18,"Comparator: Six path-planning algorithms: RRT, BI-RRT, RRT*, BI-RRT*, GBI-RRT* and Informed-RRT* | Assignment: Each algorithm was run 60 times in the simulation experiment; no biological treatment assignment","The 95% 'pollination success' is collision-free path-planning success on a simulated tree, not flower contact or biological pollination.",High,Sole publication
F19,"Comparator: Alternative detector deployments: YOLOv5s, YOLOv5s-T, YOLOv5-Sh-V2 and YOLOv5s-Mb-V2 | Assignment: Five consecutive three-minute flights per model configuration; no biological treatment assignment","The action trial used artificial flowers, manual/loiter flight and a stationary drone. 'Successful attempts' are actuator triggers rather than verified contact, deposition or fruit set.",High,Sole publication
F20,Comparator: 2024 manual dry-pollen zones plus multiple robotic nozzle/application strategies; 2025 wind-compensation ON versus OFF spatial zones | Assignment: Five trees were partitioned into ten spatial zones. Treatments were allocated by zone; no randomisation or known assignment propensity was reported.,"Spatial, non-random treatment allocation; flowers selected and bagged after treatment; nozzle type and application frequency confounded; chassis autonomy unresolved.",High,Sole publication
F21,"Comparator: Manual puff-brush pollination and manual pollen-solution spraying; Same autonomous drone without voltage, manual Bonten feather-brush pollination and natural open pollination | Assignment: Three separate field areas; no random allocation or blocking | Randomisation: No; One canopy side of three trees per treatment; no randomised treatment assignment reported. Nonelectrostatic treatment n=2 because one flight was obstructed. Flower clusters randomly sampled within treated sides | Randomisation: No","No randomised treatment allocation; unbalanced tree replication; cluster-within-tree hierarchy analysed mainly at cluster level; possible cross-treatment interference; no direct pollen viability, charge-to-mass, stigma receipt or harvest-quality measurements.",High,Distinct experiment within programme
F22,Comparator: Manual cross-pollination | Assignment: Robot and manual groups/rows; no randomised assignment or propensity logging | Randomisation: No,Crop genome editing was a necessary co-intervention; no random assignment; flower/row interference and resource competition were not modelled; exact flower-level denominators were partly reported as ranges.,High,Sole publication
