Record ID,Year,Stream,Retention decision,Metadata status,Direct corpus,Key contribution,Identifier / source,Manuscript use
LIT-338,2017.0,Direct empirical robotic pollination,Retain,Full text verified,Direct companion-family publication,2016 AMMP field execution experiment,Waikato handle 10289/11803,Direct corpus and F06 history
LIT-339,2017.0,Direct empirical robotic pollination,Retain,Official Zenodo record and PDF,Direct companion-family publication,Companion report of the same 2016 experiment,10.5281/zenodo.895619,Direct corpus; no extra experiment
"Sun et al., Study of pollen deposition performance of an airflow-assisted targeted pollinating device",2025.0,Mechanized artificial-pollination evidence,Retain,Publisher metadata/abstract verified,No,Cryo-SEM pollen-on-stigma adhesion structure and AFM adhesion force,10.1016/j.biosystemseng.2025.01.010,R3 feasibility precedent
"Jones et al., Heavy-duty platform for autonomous navigation in kiwifruit orchards",2019.0,Enabling robotic-pollination evidence,Retain,Bibliographic metadata verified,No,F06 enabling navigation platform,Biosystems Engineering 187:129–146,Programme context
"Zhou et al., Kiwi flower recognition based on improved YOLOv5",2023.0,Enabling robotic-pollination evidence,Retain,Venue/year verified,No,Pollination-specific perception antecedent,Horticulturae 9(3),R2 context
LIT-343,,Contextual/non-intervention evidence,Retain,Reference-level metadata sufficient for library,No,Secondary technology context,International Journal of Research in Agronomy 7:551–564,Background only
"Wu et al., Research progress in mechanized and intelligentized pollination technologies",2024.0,Mechanized artificial-pollination evidence,Retain,Bibliographic metadata verified,No,Mechanized/intelligent pollination review,10.25165/j.ijabe.20241706.9403,Mechanized comparator context
LIT-345,2016.0,Mechanized artificial-pollination evidence,Retain,Open thesis metadata and abstract verified,No,"Stigma deposition, germination, fruit set and yield in electrostatic tree-fruit pollination",WSU handle 2376/100828,Receipt/germination feasibility precedent
LIT-346,2026.0,Mechanized artificial-pollination evidence,Retain,Open full text verified,No,In vitro germination and fluorescence pollen-tube measurements after electrostatic pollination,10.3389/fpls.2026.1769809,Strongest germination/tube feasibility precedent
